{"stats":{"minecraft:used":{"minecraft:oak_log":1,"minecraft:dirt":1,"minecraft:oak_planks":2},"minecraft:mined":{"minecraft:grass_block":1,"minecraft:oak_log":2,"minecraft:oak_leaves":1,"minecraft:sand":1},"minecraft:custom":{"minecraft:jump":126,"minecraft:time_since_rest":5484,"minecraft:damage_dealt":10,"minecraft:damage_taken":200,"minecraft:leave_game":2,"minecraft:play_time":5484,"minecraft:crouch_one_cm":19,"minecraft:sprint_one_cm":21058,"minecraft:time_since_death":5484,"minecraft:walk_one_cm":2709,"minecraft:sneak_time":13,"minecraft:total_world_time":5484,"minecraft:fall_one_cm":10206,"minecraft:fly_one_cm":35752},"minecraft:picked_up":{"minecraft:oak_log":2,"minecraft:dirt":1},"minecraft:crafted":{"minecraft:oak_planks":4}},"DataVersion":3953}